date,key,title,published_at,like_count,comment_count
2026-04-20,nec69a95fc26e,つぶやきnote✨ / AIイラスト / -つぶやきnote26/02~- / AIイラストエッセイ / AIイラストの魅力 / AIイラストの描き方 / AIアート /,2026-01-31T06:56:17+09:00,449,51
2026-04-20,n5371dee7e20e,コングラボード貰いました! - NanoBananaで描く「濡れ手で粟」のAIイラスト - ｜AIイラストの魅力｜AIイラストの描き方｜AIアート ｜AI漫画　,2026-04-19T17:59:55+09:00,130,9
2026-04-20,n4cd8ae4c1f8f,4月は模様替えの季節 - NanoBananaで描く「運気の上がるイラスト」 ｜AIイラストの魅力｜AIイラストの描き方｜AIアート　,2026-04-17T09:01:49+09:00,138,10
2026-04-20,n4b9b2bf3c35c,NanoBananaで描く、「春の風景を楽しむ女の子」の勝負絵プロンプト6選｜AIイラスト ｜AIイラストの魅力｜AIイラストの描き方｜AIアート　,2026-04-15T07:07:59+09:00,90,2
2026-04-20,n51b46ea9a2aa,皆さんへの感謝！「NanoBananaクリエイター頂点」｜AIイラスト ｜AIイラストの魅力｜AIイラストの描き方　,2026-04-11T18:59:35+09:00,215,13
2026-04-20,n79d2029d51d9,40記事連続100スキを達成。｜AIクリエイター｜AIイラストの描き方｜コンテンツマーケティング｜noteマーケティング｜NanoBanana　,2026-04-07T06:33:04+09:00,254,12
2026-04-20,n2c4f95ee2945,「あなたの『創りたい』に、まいか🐇が繋ぐクリエイティブの輪。」-まいか🐇の創作支援です-。｜AIクリエイター｜AIイラストの描き方｜コンテンツマーケティング｜noteマーケティング｜NanoBanana　,2026-04-04T07:24:09+09:00,245,6
2026-04-20,nc3c64ad113f6,4月、5月は花の季節、「NanoBananaで描くネモフィラをモチーフにしたボタニカルアートのイラスト」 ｜AIイラストの魅力｜AIイラストの描き方｜コンテンツマーケティング｜noteマーケティング　,2026-03-31T13:50:21+09:00,236,8
2026-04-20,n2efcd407336d,春をまとう喜び。心躍る「春コーデ」の楽しみ方｜nanobanana2で描く春コーデのAIイラスト｜AIイラストエッセイ｜AIイラストの魅力｜AIイラストの描き方,2026-03-25T07:23:02+09:00,226,8
2026-04-20,n30581e481ceb,nanobanana2はサムネ革命 ｜「このビッグウェーブに乗り遅れるな！」｜noteのサムネイルの作り方｜AIイラストエッセイ｜AIイラストの魅力｜AIイラストの描き方｜note集客｜noteマーケティング　,2026-03-20T17:35:08+09:00,269,4
2026-04-20,n9dee9c1e39d2,まいか🐇のキャラクター紹介と自己紹介です。-noteマーケティング✨- | AIイラスト｜AIイラストの魅力｜AIイラストの描き方,2026-03-17T09:19:04+09:00,212,9
2026-04-20,ned366dec6453,『noteで爆発的にフォロワー数を増やす方法。』-noteマーケティング✨- | AIイラスト｜AIイラストの魅力｜AIイラストの描き方,2026-03-17T08:32:43+09:00,91,2
2026-04-20,n45ff6055bf00,38週連続投稿達成　| やったねポーズのAIイラスト｜AIイラストエッセイ｜AIイラストの魅力｜AIイラストの描き方,2026-03-12T18:01:33+09:00,198,5
2026-04-20,nc93cd8901467,「春風が、未来の匂いを変える！」 春一番に吹かれる桜の花びらと女の子のAIイラスト✨ ｜AIイラストエッセイ｜AIイラストの魅力｜AIイラストの描き方,2026-03-08T11:32:43+09:00,270,15
2026-04-20,n8a31171c5544,「桃の花と、未来の願いを飾る日。」| 🍑ひな祭りを楽しむ女の子🎎のAIイラスト｜AIイラストエッセイ｜AIイラストの魅力｜AIイラストの描き方,2026-03-03T10:59:55+09:00,222,2
2026-04-20,nf3e8ab5a6cff,「光がやわらぐと、心もゆるむ季節が来る。」| 🌺春の訪れを感じる女の子。🍀のAIイラスト｜-AIイラストエッセイ｜AIイラストの魅力｜AIイラストの描き方,2026-02-28T16:55:02+09:00,198,8
2026-04-20,n4236b8bd5099,「お気に入りを持ち歩くと、買い物はもっと楽しくなる。」 | 👜エコバッグを持って歩く女の子🛍️のAIイラスト｜-AIイラストエッセイ｜AIイラストの魅力｜AIイラストの描き方,2026-02-24T08:35:12+09:00,196,4
2026-04-20,nb3020dd86220,「無」になる準備は、お湯を注ぐところから。-🍵抹茶を飲む女の子のイラスト✨- | AIイラスト ｜-AIイラストエッセイ｜AIイラストの魅力｜AIイラストの描き方,2026-02-19T19:22:36+09:00,198,4
2026-04-20,ne31f86f22218,"フォロワー数3,000超えました✨ | AIイラスト ｜-バレンタインデーを盛り上げるイラスト- | AIイラストエッセイ｜AIイラストの魅力｜AIイラストの描き方",2026-02-14T06:50:22+09:00,227,19
2026-04-20,n5d961580c470,💎宝石を纏った可愛い女の子のイラスト✨ | AIイラスト ｜-あなたが歴史の証人になるまで後4-｜AIイラストエッセイ｜AIイラストの魅力｜AIイラストの描き方,2026-02-10T20:21:06+09:00,214,10
2026-04-20,ne0493ce22e1f,フランスの民族衣装を着た女の子のイラスト✨ | AIイラスト ｜-あなたが歴史の証人になるまで後40-｜AIイラストエッセイ｜AIイラストの魅力｜AIイラストの描き方,2026-02-05T17:18:35+09:00,218,8
2026-04-20,n1cb1dac8905c,蒼を基調としたインクアートのイラストとインクアートプロンプト6選✨ | AIイラスト ｜AIイラストの描き方,2026-02-04T17:09:45+09:00,114,2
2026-04-20,ne937cce960b1,👹鬼は...✨ | AIイラスト ｜-節分のイラスト- | AIイラストエッセイ｜AIイラストの魅力｜AIイラストの描き方,2026-02-03T13:04:13+09:00,170,14
2026-04-20,n74e2ee247ab9,"フォロワー数2,900超えました✨ | AIイラスト ｜-着せ替えコスプレのイラスト- | AIイラストエッセイ｜AIイラストの魅力｜AIイラストの描き方",2026-01-31T06:56:31+09:00,174,8
2026-04-20,n24531033bc1f,ふと見上げた夜空に感動があった✨、冬の星座のAIイラスト | AIイラスト ｜AIイラストの魅力｜AIイラストの描き方,2026-01-27T17:08:13+09:00,166,9
2026-04-20,n1cae8739a84d,チョコで自己肯定感が爆上がり！✨、バレンタインデーのAIイラストの試作 | AIイラスト ｜AIイラストの魅力｜AIイラストの描き方,2026-01-23T12:23:11+09:00,210,8
2026-04-20,na24a42d05b41,"フォロワー数2,700超えました✨ | AIイラスト ｜-おはプリン🍮のイラスト- | AIイラストの魅力｜AIイラストの描き方",2026-01-20T12:04:19+09:00,221,18
2026-04-20,n82ab3602ec65,⛄雪だるま：雪景色のイラスト❄️｜AIイラスト｜フォロワー様の紹介｜AIイラストの魅力｜AIイラストの描き方,2026-01-18T11:00:53+09:00,221,6
2026-04-20,n0ac2c3444989,⛄雪合戦：冬の風物詩のイラスト❄️｜AIイラスト｜- きらきらファンタジー - ｜フォロワー様の紹介｜AIイラストの魅力｜AIイラストの描き方,2026-01-16T08:26:16+09:00,209,9
2026-04-20,n0dbd199b98a8,👹鬼退治に行きます！｜AIイラスト｜- ”新企画発表 節分：バレンタインデー”- フォロワー様の紹介NanoBanana🍌｜AIイラストの魅力｜AIイラストの描き方,2026-01-13T13:18:05+09:00,229,16
2026-04-20,n2dfb0e87db03,"フォロワー数が2,300を超えました！/ AIイラスト / -『イケテル成人式の女の子のイラスト』- NanoBanana🍌 フォロワ様を紹介-",2026-01-10T06:34:13+09:00,235,23
2026-04-20,n8b24227119ac,noteの記事に”好き💗”が溢れてます。/ AIイラスト / -フォロワー様を紹介：NanoBanana🍌 - / AIイラストの魅力 / AIイラストの描き方,2026-01-08T08:55:39+09:00,278,10
2026-04-20,n123fbcf32f82,2026新年の抱負✨ | AIイラスト -2026年アクションプラン -フォロワー様を紹介：NanoBanana🍌 ,2026-01-05T07:00:10+09:00,249,8
2026-04-20,n9a106a1df153,"フォロワー数2,000、大台に乗りました！✨ | AIイラスト -新春 ⛩️初詣イラスト：コンセプトアート - NanoBanana🍌 フォロワ様を紹介-",2026-01-02T18:40:30+09:00,254,17
2026-04-20,n52a33374ca47,あけおめ：謹賀新年2026イラスト✨ | AIイラスト -NanoBanana🍌:フォロワー様を紹介｡-2026年の抱負- | AIアート,2026-01-01T08:48:52+09:00,220,21
2026-04-20,n63c465143415,皆で年越し：大晦日：除夜の鐘のイラスト：お祓い女子 ✨ フォロワー様を紹介：NanoBanana🍌 -2025年振り返り- | AIイラスト | AIアート,2025-12-31T09:42:06+09:00,180,7
2026-04-20,n3c3dace30ac6,"フォロワー数1,700超えました✨ -note2025年振り返り- ”新企画発表：怒涛の4連発”- NanoBanana🍌 | AIイラスト | AIアート",2025-12-28T09:24:21+09:00,229,19
2026-04-20,n409866484455,"メリークリスマス：Xmas✨ ""🎅🍰Xmas企画：フィナーレ！🔔🎄 NanoBanana🍌 -note2025年振り返り- | AIイラスト | AIアート",2025-12-25T13:54:44+09:00,204,20
2026-04-20,n84e3c3872b9d,"カウントダウンXmas✨ ""🎅🍰Xmas企画-第4弾！🔔🎄 フォロワー様を紹介：NanoBanana🍌 -2025年振り返り- | AIイラスト | AIアート",2025-12-23T18:14:05+09:00,181,12
2026-04-20,n0efae11c6e85,"フォロワー数が”1,300”人超えました!!! - -「1,300達成イラスト」-フォロワー様紹介｜AIイラスト｜AIアート",2025-12-20T07:22:41+09:00,177,20
2026-04-20,nd31d513f424a,"NanoBananaだよ！-NanoBananaでAI漫画- ""NanoBanana=革命"" | AIイラスト | クリスマスの4コマ漫画 ＃画像編集AI #オリキャラ #うさ耳ガール",2025-12-18T12:13:45+09:00,183,15
2026-04-20,naa1761101560,"おかえりなさいのグータッチ、ありがとうのハイタッチ、感謝のイラスト！-いつもありがとう- ""GWへ向けて･･･"" | AIイラスト | AIアート",2025-12-16T10:33:47+09:00,137,15
2026-04-20,n0cfe48b9f4c0,"フォロワー数が”1,000”人超えました!!! - -「うさ耳メイドの杏ちゃん、達成＆勝利のポーズであなたを応援するよ！」｜AIイラスト｜AIアート",2025-12-14T07:29:15+09:00,176,17
2026-04-20,n04e0563b97cf,🎅クリスマス企画の”好き”が爆発してます！-クリスマス企画第3弾！🎠メリーゴーランドでクリスマス：🎡観覧車でクリスマス：Xmas25！ ＃クリスマスイラスト #クリスマスAIイラスト 「AIイラスト」「AIアート」,2025-12-10T18:43:24+09:00,146,11
2026-04-20,n0aba43b561c9,<AIイラスト>🎅クリスマス企画-第2弾！🎄、ちびキャラクリスマス：Xmas25 ＃クリスマスイラスト ＃クリスマスプロンプト #クリスマスAIイラスト <AIアート>,2025-12-06T05:39:52+09:00,254,12
2026-04-20,n42040f12a70d,フォロワー数が700人超えました!!! -noteの憧れの有名クリエイター。 -「うさ耳メイドの杏ちゃんが、あなたに今日の元気を届けるよ！」 ≪AIイラスト≫≪AIアート≫,2025-12-04T04:38:41+09:00,233,18
2026-04-20,n9175b378769d,まいか🐇の部屋：メンバーシップ -自己紹介：千住まいか🐇。 ≪AIイラスト≫ ≪AIアート≫,2025-12-04T04:34:53+09:00,170,0
2026-04-20,nce476774cd44,NanoBananaプロの便利な使い方、≪AIイラスト≫ ＃画像編集AI ＃画像編集プロンプト #オリキャラ #うさ耳ガール,2025-12-02T18:03:10+09:00,187,4
2026-04-20,n49794f8c30c9,🎅クリスマスイラスト🎄、Xmas「街も心もショータイム✨」をAIイラストで表現。≪AIイラスト≫ ＃クリスマスイラスト ＃クリスマスプロンプト #クリスマスAIイラスト ≪AIアート≫,2025-11-27T18:56:24+09:00,155,15
2026-04-20,n00638cd7d041,「秋～冬をテーマ」にしたイラスト・アートコラボ作品集！(32枚)　スイ：Kinu：健太：まいか　4名による。,2025-11-26T10:03:39+09:00,78,4
2026-04-20,n798e89ace5ed,生け花女子、👘青着物、「静けさの中に宿る、華道の美学」をAIイラストで表現。＃AIイラスト ＃生け花プロンプト #生け花AIイラスト ＃AIアート,2025-11-23T06:23:59+09:00,118,7
2026-04-20,n9e44bb3343a1,切り絵、リスチャレンジ、＃AIイラスト＃AIアート,2025-11-19T19:35:10+09:00,116,18
2026-04-20,n184190edcf6e,👘着物女子👘、-3つの魅力-、着物女子の破壊力を、AIイラストで表現。「着物プロンプト」「AIアート」,2025-11-15T00:21:30+09:00,109,8
2026-04-20,nfca21bc071f9,片付け女子、-ミニマリスト-、運気の上がる部屋に居る女の子「AIイラスト」「AIアート」「プロンプト」「コンセプトアート」,2025-11-12T19:33:44+09:00,88,9
2026-04-20,n3894360fc092,"黄昏の秋、マフラー女子,トレンチコート女子「AIイラスト」「AIアート」「プロンプト」コンセプトアート」「挿絵」「世界観」",2025-11-07T21:53:34+09:00,95,14
2026-04-20,n3be830c0af51,🐻ハンター女子👩 -熊を撃つ女の子- 「プロンプト公開」「AIイラスト」「AIアート」「コンセプトアート」,2025-11-04T20:27:59+09:00,87,8
2026-04-20,n9a3a2a997eb1,柿食えば・・・自然の写生（shasei）・写実描写の美学。「AIイラスト」「AIアート」「コンセプトアート」「挿絵」「世界観」「PixAI」,2025-10-29T14:48:37+09:00,98,10
2026-04-20,n2661d3f1fb02,スケボー女子で、HEXA(NFT)やってみた！ -つぶやきnote-「AIイラスト」「AIアート」「AI絵日記」「コンセプトアート」,2025-10-26T21:43:30+09:00,91,11
2026-04-20,nd7bf1ff810c9,漆黒の絶対領域　黒髪イラスト。「AIイラスト」「AIアート」,2025-10-23T15:26:37+09:00,93,8
2026-04-20,nce71a51c69a1,零ぴちゅ。さん(レイラさんキャラ)、AIchan08♡AIアートさんと一緒に、海外旅行へ行ってきたイラスト。「AIイラスト」「AIアート」,2025-10-20T16:05:19+09:00,98,11
2026-04-20,nea5be13f66ac,スイさんを描きます。『スイ🎨Sui_ai_drawing』さんと一緒！「AIイラスト」「AIアート」「コンセプトアート」「AIアーティスト」,2025-10-17T13:30:01+09:00,86,6
2026-04-20,n97f8f386a9a8,アニ子さん-Toshi｜AI動画工房-とのコラボです。「AIイラスト」「AIアート」「コンセプトアート」「AIアーティスト」,2025-10-16T05:14:54+09:00,89,12
2026-04-20,nac0ae11b64eb,🎃トリック・オア・トリート🎃-ハロウィンコスプレ-「AIイラスト」「AIアート」「コンセプトアート」「AIアーティスト」,2025-10-13T18:27:47+09:00,87,32
2026-04-20,n9e161d0c5343,秋コーデ〝紅葉の季節に〟「AIイラスト」「AIアート」「コンセプトアート」「AIアーティスト」,2025-10-09T13:20:45+09:00,79,4
2026-04-20,n21afb407c70a,noteにDM機能がついていた！ -つぶやきnote-「AI絵日記」｢AIイラスト｣「コンセプトアート」「AIアート」,2025-10-03T18:21:58+09:00,69,11
2026-04-20,n2fb3bb6d51e3,月アート〝月と姫が織りなす世界〟「コンセプトアート」「AIアート」｢AIアーティスト｣,2025-10-02T21:28:29+09:00,59,6
2026-04-20,n1264180b24bc,9月度、noteのAIイラストレーターランキングトップ10！｢AIイラストレーター｣「AIアート」「AIアーティスト」,2025-09-27T22:46:43+09:00,72,19
2026-04-20,n59794c42a03b,タスクの優先順位をつける。-つぶやきnote-「AI絵日記」｢AIイラスト｣「コンセプトアート」「AIアート」,2025-09-22T20:48:56+09:00,74,17
2026-04-20,n3f0bf139a700,魚眼アート｜ゆっきー🧪ゆっきーの人生実験室🧫さん、タイガ＠AIイラストさん「コンセプトアート」「AIアート」｢AIアーティスト｣,2025-09-15T16:45:38+09:00,94,14
2026-04-20,n0fd87497d1a9,『聖剣を抜け』キャラクターアートと聖剣をモチーフにしたコンセプトアート！「コンセプトアート」「AIアート」｢AIアーティスト｣,2025-09-05T10:02:29+09:00,98,6
2026-04-20,nc33cb39915fa,夏の涼感グラフィックと風鈴モチーフのコンセプトアート「コンセプトアート」「AIアート」｢AIアーティスト｣,2025-09-03T15:12:11+09:00,85,8
2026-04-20,na88592a6115b,銀髪の雫ちゃん『コミュニケーションを通して仲間作りをするストーリー』「AIマンガ」「AI漫画」「AI漫画家」,2025-08-29T12:44:47+09:00,81,1
2026-04-20,na69672afb4c3,AIイラスト 『月と共に、柔らかい雲の中で佇む美少女』　「AIイラストレーター」｢AIアーティスト｣「AIアート」,2025-08-28T08:06:28+09:00,86,3
2026-04-20,nd6e2e68cead9,＃AI絵日記　に参入される方が増えてきました。　｢AIイラストレーター｣「AIアーティスト」「AIアート」,2025-08-27T20:20:03+09:00,77,5
2026-04-20,n8ed7be4f5802,8月度、noteのAIイラストレーターランキングトップ10！「AI絵日記」｢AIイラスト｣,2025-08-22T08:32:22+09:00,89,18
2026-04-20,n0c934b0121c5,AIイラストチャレンジ！ 『青いドラゴンの上に座る乙女』「AIイラスト」｢プロンプト公開｣,2025-08-21T06:41:31+09:00,83,11
2026-04-20,n152f51250b76,モチベーションの上がる絵。｢AI絵日記｣｢AIイラスト｣,2025-08-20T17:06:34+09:00,77,7
2026-04-20,nfd8d04f028bf,🌙のしずく❽drop.　仔猫🫧心の奥にある小さな声を聴く🌿さん　漫画化(コミカライズ)　「AIマンガ」「PixAI」,2025-08-20T01:56:34+09:00,48,4
2026-04-20,n3a7dcb5bc676,『noteで印象的なプロフィール記事を書く方法。』-noteマーケティング✨- | AIイラスト｜AIイラストの魅力｜AIイラストの描き方,2025-08-15T05:42:46+09:00,52,3
2026-04-20,n1d5a6f56bbb6,しゃる🌈 AI Music 努力は幻想だった pt2 夢も幻だった　「AIマンガ」,2025-08-15T02:30:09+09:00,43,6
2026-04-20,n0f615f4dc207,PixAIを使ったAIマンガの描き方。-簡単15分。「AIマンガ」「PixAI」,2025-08-14T20:50:22+09:00,43,0
2026-04-20,n862ac1100542,AIイラストチャレンジ！ 『蝶とプリンセス』「AIイラスト」｢プロンプト公開｣,2025-08-14T09:02:30+09:00,76,19
2026-04-20,n4de539de62b2,AIイラストチャレンジ！ 『スイーツに囲まれる可愛い女の子』「AIイラスト」｢プロンプト公開｣,2025-08-13T11:37:13+09:00,76,3
2026-04-20,ne6c7734fddb2,noteのフォロワー数が3倍になりました。-フォロワー数”300”超え！の伸びた秘訣は･･･　｢AI絵日記｣｢AIイラスト｣,2025-08-11T20:47:38+09:00,80,5
2026-04-20,n8ef4a5718b18,ぷわぽのんさんに『リボンとフリルの可愛い女の子』のAIイラストチャレンジしてもらえました。,2025-08-11T08:53:47+09:00,40,6
2026-04-20,n8d0cf63c02c5,もとょ。さんに『リボンとフリルの可愛い女の子』のAIイラストチャレンジしてもらえました。,2025-08-11T07:38:55+09:00,30,0
2026-04-20,ne349a9819848,pon🎈｜AIアート・イラストさんに『リボンとフリルの可愛い女の子』のAIイラストチャレンジしてもらえました。,2025-08-11T05:39:39+09:00,26,2
2026-04-20,n07d2fe189ce8,つみきさんに『リボンとフリルの可愛い女の子』のAIイラストチャレンジしてもらえました。,2025-08-08T22:49:51+09:00,29,2
2026-04-20,n3a9ebc6224f8,AIchan08さんに『リボンとフリルの可愛い女の子』のAIイラストチャレンジしてもらえました。,2025-08-08T19:15:59+09:00,22,2
2026-04-20,n31f18b192c74,スイ🎨sui_ai_drawingさんに『リボンとフリルの可愛い女の子』のAIイラストチャレンジしてもらえました。,2025-08-08T04:29:40+09:00,40,3
2026-04-20,n0445095736ee,"noteの全体ビューが”3,000”を超えました！その秘訣は･･･｢AI絵日記｣｢AIイラスト｣",2025-08-07T16:03:35+09:00,39,2
2026-04-20,nc1a597d19b64,AIイラストチャレンジ！ リボンとフリルの可愛い女の子「AIイラスト」｢プロンプト｣｢PixAI｣｢ImageFX｣,2025-08-06T15:45:01+09:00,93,14
2026-04-20,n163e4ecdbbb8,8月度、注目のnoteのAIイラストレーターさん！｢AI絵日記｣｢AIイラスト｣,2025-08-04T15:57:12+09:00,48,4
2026-04-20,n6fa948844fb6,表現の楽しさに出会える。：AIマンガで紹介,2025-08-02T00:44:38+09:00,61,2
2026-04-20,n2bc2ce36c815,AIイラストのプロンプト公開　2026/03｜AIイラストエッセイ｜AIイラストの魅力｜AIイラストの描き方,2025-08-01T11:15:36+09:00,34,0
2026-04-20,n9ff53fadfcd1,クラピア：AIマンガで紹介,2025-08-01T09:50:53+09:00,44,4
2026-04-20,n481f764f0dcd,呪文【プロンプト】でイラストを描く時代！｢AI絵日記｣｢AIイラスト｣,2025-07-31T09:50:33+09:00,57,2
2026-04-20,n678a47060494,Noteで好き💗が、1記事10個付くようになって、気づいた事。｢AI絵日記｣｢AIイラスト｣,2025-07-30T10:50:38+09:00,58,2
2026-04-20,nc640a05b33a1,noteのフォロワー数が100人を突破！きっかけは『あの方の記事』でした。｢AI絵日記｣｢AIイラスト｣,2025-07-24T13:58:54+09:00,85,3
2026-04-20,n85455612a361,水曜日と金曜日はnoteの投稿日。｢AI絵日記｣｢AIイラスト｣,2025-07-23T13:16:09+09:00,40,0
2026-04-20,n4594f425bca4,noteの閲覧数が1000を超えました。｢AIイラスト｣｢AI絵日記｣,2025-07-18T10:51:20+09:00,48,2
2026-04-20,n16d77d06e7ee,独自性と質で伸ばすnoteクリエイター「AI絵日記」｢AIコミックエッセイ｣｢AIイラスト｣,2025-07-17T14:25:00+09:00,57,0
2026-04-20,n16644562bdd1,ゆぅさんのお試しプロンプトシリーズ➀やってみました。｢AIイラスト｣,2025-07-11T23:10:59+09:00,36,2
2026-04-20,n91d97de0afb3,note連続投稿達成しました。3ケ月連続、3週連続。「AIイラスト」｢AI絵日記｣,2025-07-10T16:42:58+09:00,65,0
2026-04-20,nfa30ba32b5d3,可愛いスイーツのコスチュームをまとった少女。｢AIイラスト｣,2025-07-10T00:10:32+09:00,44,2
2026-04-20,nb30bbc7d1aaa,七夕の可愛い女の子｢AIイラスト｣,2025-07-07T14:52:41+09:00,27,0
2026-04-20,n006fee3df7fc,ふんわりパステルカラーとキュートな可愛さの女の子｢AIイラスト｣,2025-07-03T13:44:41+09:00,14,0
2026-04-20,n21b0a121d447,夏空に開放される天使の創作×創造｢AIイラスト｣,2025-06-27T13:29:51+09:00,8,0
2026-04-20,n131635fd18a2,AIイラスト　「華金のポーズ」,2025-06-20T18:11:40+09:00,17,0
2026-04-20,n44210c026ac5,ぬいぐるみを抱いてる女の子,2025-06-16T21:17:16+09:00,110,17
2026-04-20,n8bccadd61a72,浜辺で、はしゃぐ女の子,2025-05-09T14:44:44+09:00,12,0
2026-04-20,nca1ab82ada47,冬休み、雪だるま、作ったよ,2025-01-13T16:47:49+09:00,32,0
2026-04-20,n74bca07871f5,都会の風を切る1枚,2025-01-09T16:57:48+09:00,25,2
2026-04-20,n73bacd17ab2b,画像生成AI時代のクリエイティブ,2024-06-03T14:04:14+09:00,21,2
2026-04-20,nac9b1bf08f48,AIマンガ　「魔法使いメイドあずきのお絵描きストーリー」,2024-05-09T13:17:10+09:00,28,0
2026-04-20,n66a7ec3f48fb,春のコーデを彩る。　ファッションAI,2024-04-05T22:43:51+09:00,31,0
